CHROM	POS	ID	BETA	SE	P	PP	in_cs
9	132901458	9:132901458:G:A	-0.0368439040069972	0.149839332168106	0.805767846836408	3.28637214513036e-14	FALSE
9	132906834	9:132906834:T:C	0.0953599135452031	0.12166858578382	0.433176401325094	3.49615132452115e-14	FALSE
9	132911517	9:132911517:A:G	0.103180274909169	0.122712229171552	0.400442487418653	3.63467331383177e-14	FALSE
9	132945221	9:132945221:C:T	-0.0206790511362196	0.10864898517028	0.849051341530439	2.60237353190745e-14	FALSE
9	132969648	9:132969648:G:A	0.173902857866629	0.105496091201665	0.0992645879988601	7.26063752173403e-14	FALSE
9	132973583	9:132973583:G:T	0.0365456118488574	0.120256478343608	0.76120618064936	2.86580563152611e-14	FALSE
9	132973861	9:132973861:A:G	-0.141905608225371	0.0873925527483092	0.104424409432781	6.51179736225174e-14	FALSE
9	132975727	9:132975727:A:C	-0.230570102150477	0.194747607756816	0.236435555529681	5.37431132257559e-14	FALSE
9	132977948	9:132977948:A:G	0.00297506614745155	0.146562051537605	0.983804836834839	3.17808624502412e-14	FALSE
9	132980033	9:132980033:G:A	0.0194469843227442	0.0889545227800171	0.826948291535923	2.22874510875881e-14	FALSE
9	132985854	9:132985854:G:A	-0.106268100612228	0.150991837442759	0.481557146360104	3.79266638733524e-14	FALSE
9	132986115	9:132986115:C:A	-0.10672224386338	0.19771845573885	0.589356520164791	4.06845566356295e-14	FALSE
9	132986603	9:132986603:T:C	-0.114203360102896	0.17641203134608	0.517394328719265	4.00096693211857e-14	FALSE
9	132987092	9:132987092:G:A	-0.0574140617828084	0.124540446592835	0.644793328792707	3.06784125986921e-14	FALSE
9	132987108	9:132987108:C:T	0.00927710768163404	0.112837135612916	0.934474317937445	2.64838942077077e-14	FALSE
9	132987245	9:132987245:C:T	0.0208092434844242	0.0893375027900122	0.815816988387628	2.24271679254475e-14	FALSE
9	132990109	9:132990109:T:C	-0.0053667405646351	0.0926718324479882	0.953819331346859	2.2632725544755e-14	FALSE
9	132991306	9:132991306:A:G	0.0459081942468916	0.106249631331517	0.665684271954337	2.71260414928436e-14	FALSE
9	132992300	9:132992300:C:T	-0.00801953609574279	0.120844128472931	0.947089108944358	2.7846527506703e-14	FALSE
9	133001066	9:133001066:C:T	0.053868227779103	0.100371172215626	0.591481603879723	2.70531827517008e-14	FALSE
9	133001900	9:133001900:G:A	0.0140380105644416	0.0925005915626588	0.879375202043801	2.27822063156874e-14	FALSE
9	133008233	9:133008233:C:T	-0.158039645376005	0.127241177419583	0.214218865817375	4.99711137479423e-14	FALSE
9	133009668	9:133009668:A:G	-0.313605910587393	0.162570678143822	0.0537254617076179	1.03963312806853e-13	FALSE
9	133010989	9:133010989:A:C	-0.407657317289884	0.310107839170993	0.188655699495177	5.82322335583991e-14	FALSE
9	133013129	9:133013129:G:A	0.0238222828413868	0.0934841047625582	0.79885664720159	2.33789554169927e-14	FALSE
9	133014189	9:133014189:C:T	0.0989880825634407	0.314143768931283	0.752682390901498	4.60028363429527e-14	FALSE
9	133022002	9:133022002:C:T	-0.0696762416773297	0.0879357801563972	0.428154462153501	2.81486013271858e-14	FALSE
9	133022500	9:133022500:C:A	-0.0183958797159251	0.105902884382325	0.86209716546309	2.54553509788993e-14	FALSE
9	133027651	9:133027651:G:A	0.0931497397738796	0.0868518787916442	0.283489829551171	3.47407849278163e-14	FALSE
9	133028610	9:133028610:T:C	-0.00482068425190631	0.0937617725334804	0.958995489096061	2.28443984936974e-14	FALSE
9	133038096	9:133038096:C:T	0.00803538608986448	0.0958329636622482	0.933177418674348	2.32969549838609e-14	FALSE
9	133050630	9:133050630:A:G	-0.203099891492443	0.142809343328053	0.154975426674534	6.10377347839874e-14	FALSE
9	133101165	9:133101165:A:G	0.407445656376207	0.149592478746613	0.00645543033269911	3.47420919528311e-13	FALSE
9	133106701	9:133106701:A:C	-0.0231624673299046	0.106825488614385	0.828344503793778	2.57953330777048e-14	FALSE
9	133117092	9:133117092:C:T	-0.0750327816306408	0.442909824199386	0.865475173529197	4.91149459450886e-14	FALSE
9	133125058	9:133125058:A:G	-0.0309975515962431	0.0908968519156004	0.733089294369776	2.33415265458746e-14	FALSE
9	133126376	9:133126376:A:G	0.0124908870480287	0.0886074900597517	0.887894630253628	2.19576159454572e-14	FALSE
9	133131971	9:133131971:A:C	0.094111300933592	0.0889662758919768	0.290132413290478	3.48573465716993e-14	FALSE
9	133133804	9:133133804:G:A	-0.111203631373837	0.0907583463889563	0.220472875723329	4.13983356805805e-14	FALSE
9	133155186	9:133155186:G:A	-0.313393355357369	0.360735537737304	0.384977279072151	5.13790279392043e-14	FALSE
9	133155959	9:133155959:A:G	0.0855233590347271	0.0948992608593539	0.367481177895035	3.21027795245305e-14	FALSE
9	133156364	9:133156364:G:T	0.0885328061875153	0.0942407226814802	0.347508687072591	3.28807725019952e-14	FALSE
9	133158836	9:133158836:G:A	-0.114611229711571	0.274709760220677	0.676525954480263	4.4791575188956e-14	FALSE
9	133159295	9:133159295:T:C	-0.325852060507041	0.115759282033042	0.00487907648386206	5.23701159041247e-13	FALSE
9	133161872	9:133161872:G:A	-0.0027240155128512	0.123770505904583	0.982441095672172	2.82950139619806e-14	FALSE
9	133162355	9:133162355:G:A	0.0262815108986146	0.098790851217856	0.790214695533828	2.4495507896635e-14	FALSE
9	133165442	9:133165442:T:C	-0.122924456561404	0.111101828874187	0.268548000737516	4.16753006507243e-14	FALSE
9	133167307	9:133167307:G:A	-0.090903079739625	0.106127829177988	0.391697339638446	3.35499370907346e-14	FALSE
9	133171752	9:133171752:T:C	0.0696492221712556	0.10271016248696	0.49769927247608	2.94594024670356e-14	FALSE
9	133172006	9:133172006:A:G	-0.0399530740131615	0.0893997844074365	0.654944757282474	2.38425004660701e-14	FALSE
9	133180887	9:133180887:T:C	-0.471501592136609	0.380749961462316	0.215586431035914	5.61764003289737e-14	FALSE
9	133181719	9:133181719:A:G	-0.075209354438111	0.0889510638644464	0.397824015852372	2.94430773464134e-14	FALSE
9	133182218	9:133182218:G:A	0.079760902286851	0.115775451092085	0.490868837272375	3.21720669758019e-14	FALSE
9	133186958	9:133186958:A:G	-0.141981820792596	0.180123130722116	0.430551257302805	4.27088842734047e-14	FALSE
9	133187023	9:133187023:T:C	-0.136231982854799	0.179534442291404	0.447968046627146	4.21185439069399e-14	FALSE
9	133192164	9:133192164:C:T	-0.11700565505375	0.171926381858507	0.496152018465684	4.00365243320015e-14	FALSE
9	133200618	9:133200618:T:C	-0.0288837670058794	0.182204970427632	0.874044315807444	3.64539851517839e-14	FALSE
9	133204076	9:133204076:C:T	0.184178346615241	0.0883156344557664	0.0370279519261781	1.33991980143921e-13	FALSE
9	133205098	9:133205098:G:T	-0.184695668787777	0.0956494223216541	0.0534874041241354	1.05761231799045e-13	FALSE
9	133211529	9:133211529:C:T	-0.178044001195051	0.113517637486021	0.116781773764686	6.72764720243403e-14	FALSE
9	133215190	9:133215190:A:C	-0.102880516805149	0.213847212613868	0.63045000495481	4.14419025146453e-14	FALSE
9	133226612	9:133226612:T:G	-0.107253620111553	0.0965259711111697	0.26650919585154	3.8551814985633e-14	FALSE
9	133236118	9:133236118:C:T	0.17162394485657	0.326993995289036	0.599685032603852	4.76136495579604e-14	FALSE
9	133237354	9:133237354:A:G	-0.280062801266969	0.108229095388611	0.00966233090545308	3.40946611171396e-13	FALSE
9	133240053	9:133240053:C:T	-0.155284359233323	0.132388850378598	0.240819318941757	4.78739689011012e-14	FALSE
9	133246239	9:133246239:G:A	-0.304538055936353	0.125210137862577	0.0150067698012283	2.388463474324e-13	FALSE
9	133248803	9:133248803:G:A	-0.207625003900527	0.120893062790157	0.0859011913502917	8.19013574333927e-14	FALSE
9	133249045	9:133249045:A:G	-0.283305057032717	0.126985851474244	0.0256813259867552	1.69792058843452e-13	FALSE
9	133255935	9:133255935:G:T	-0.41591598425511	0.135427209700767	0.00213242804700474	7.64577470945658e-13	FALSE
9	133255960	9:133255960:G:A	0.390597288863926	0.102563776923692	0.000139905280558439	7.64402051760879e-12	FALSE
9	133256028	9:133256028:C:T	-0.434453047509889	0.136493904198256	0.00145783615811633	9.60277802220917e-13	FALSE
9	133256050	9:133256050:C:T	0.4029770922078	0.106228992729746	0.000148553233159009	6.90183207457136e-12	FALSE
9	133256074	9:133256074:G:A	-0.437864426332532	0.136252972909365	0.00131075870401471	1.0295540102182e-12	FALSE
9	133256085	9:133256085:A:T	0.37946475362461	0.103013153147173	0.000229914799574813	5.24759856563032e-12	FALSE
9	133256205	9:133256205:G:C	-0.436265668519859	0.129748604327721	0.00077270347111958	1.56338526011406e-12	FALSE
9	133256264	9:133256264:G:A	-0.552137583290262	0.129931024503602	2.14279902391949e-05	1.67544638361696e-11	FALSE
9	133256518	9:133256518:T:C	0.0489799449286727	0.0901866077204901	0.587064019386162	2.49802901309443e-14	FALSE
9	133256692	9:133256692:C:T	0.368624798071635	0.103421436035072	0.000364831547748131	3.70875648446552e-12	FALSE
9	133256781	9:133256781:T:C	-0.465460817611468	0.131000628191521	0.000380692248568061	2.44089358773349e-12	FALSE
9	133256916	9:133256916:A:G	0.376251086437414	0.102399591009891	0.000238463439225892	5.15149390873821e-12	FALSE
9	133257367	9:133257367:C:A	-0.549273738310547	0.135485605751571	5.03252324012943e-05	8.42650744051536e-12	FALSE
9	133257486	9:133257486:T:C	0.0293642344289991	0.0903278818621949	0.745116783490375	2.31204992684571e-14	FALSE
9	133258116	9:133258116:G:A	0.348973554436331	0.102161658219411	0.000635726246710591	2.49921566663972e-12	FALSE
9	133258141	9:133258141:G:A	0.484851478478125	0.0950824835739898	3.40961684212874e-07	9.30571550345717e-10	FALSE
9	133261662	9:133261662:G:A	-0.774775039482896	0.0972286587194325	1.60498677753818e-15	0.00334093451712408	FALSE
9	133261703	9:133261703:A:G	-0.770996146875014	0.0977954526442648	3.17667162016291e-15	0.00184241317536772	FALSE
9	133262243	9:133262243:T:C	0.459192201053625	0.13170491156097	0.000489343335757216	2.0510591002483e-12	FALSE
9	133262254	9:133262254:C:T	-0.510697212197335	0.144406697442274	0.000405435391897294	1.91902995019569e-12	FALSE
9	133262534	9:133262534:T:C	-0.174865554537723	0.321358327397239	0.586341637290464	4.75680543261236e-14	FALSE
9	133262722	9:133262722:T:G	0.331723782675264	0.0973538572809	0.00065584320273443	2.5693451071179e-12	FALSE
9	133263862	9:133263862:A:C	-0.830206447178157	0.0987156100161793	4.09721620413448e-17	0.0532695623290041	TRUE
9	133263894	9:133263894:C:T	0.519338154372297	0.0966430387351491	7.71041380260784e-08	2.83579528183805e-09	FALSE
9	133264214	9:133264214:C:T	0.401717728832582	0.100038087979421	5.92827300411197e-05	1.52036735370085e-11	FALSE
9	133266804	9:133266804:G:T	-0.85099057733914	0.0988356620857679	7.29605223580909e-18	0.206696750189149	TRUE
9	133267960	9:133267960:T:C	-0.828163137387632	0.0983574429705628	3.7669779543545e-17	0.0591217562602396	TRUE
9	133269828	9:133269828:T:C	-0.817257619767119	0.0983569242240252	9.64298022451774e-17	0.0280261684225545	TRUE
9	133270074	9:133270074:T:A	-0.833048880053713	0.0986962517088186	3.15896300808278e-17	0.0656079735951878	TRUE
9	133270565	9:133270565:G:A	-0.82521269119093	0.0986024786560765	5.80665240254033e-17	0.0408751313429141	TRUE
9	133271182	9:133271182:T:C	-0.710883243844276	0.116122169790182	9.24913854173142e-10	3.29277614759243e-08	FALSE
9	133271249	9:133271249:A:T	-0.823931071591045	0.0982361259249155	4.97640621461411e-17	0.0479927496015888	TRUE
9	133273682	9:133273682:A:T	-0.860926014704678	0.0987834434944804	2.90024195208685e-18	0.432297099262161	TRUE
9	133273813	9:133273813:C:T	-0.821270858064569	0.0990263850154379	1.10005658242138e-16	0.0235831752109862	FALSE
9	133274084	9:133274084:C:T	-0.819129914900927	0.0981197282765942	6.92704919123325e-17	0.0373462474166642	TRUE
9	133274306	9:133274306:G:A	0.447778611224851	0.0891082308661723	5.03145554885497e-07	8.22557877495769e-10	FALSE
9	133278037	9:133278037:C:T	0.419794786699335	0.10018109580354	2.78513072845848e-05	2.68978644582207e-11	FALSE
9	133278431	9:133278431:T:C	-0.595938286803178	0.119896670295983	6.68037730810086e-07	2.44324082536787e-10	FALSE
9	133278724	9:133278724:C:T	-0.601961206961015	0.119980579807793	5.24421642364301e-07	2.89230776744635e-10	FALSE
9	133279294	9:133279294:T:G	-0.600823397148268	0.120334074847679	5.94604285268828e-07	2.6139909279322e-10	FALSE
9	133279427	9:133279427:T:C	-0.625707956791322	0.128124848747567	1.04176821642544e-06	1.36228999863455e-10	FALSE
9	133279786	9:133279786:G:A	-0.235547559998081	0.0924795008513357	0.0108645786361	3.26556959804676e-13	FALSE
9	133280494	9:133280494:T:C	0.534288924638365	0.114627603032528	3.14547795997486e-06	9.51042790083493e-11	FALSE
9	133284655	9:133284655:T:G	0.231224039706754	0.100301964232358	0.0211509373098053	2.01414874632249e-13	FALSE
9	133286279	9:133286279:G:A	0.14542487241552	0.0897559342587637	0.105183800271956	6.56329187419336e-14	FALSE
9	133297990	9:133297990:G:A	0.209578165117516	0.0912975866692724	0.0217016306747268	1.97571666287904e-13	FALSE
9	133302407	9:133302407:C:T	0.191363454809773	0.133830105061669	0.152746177648189	6.05754719276477e-14	FALSE
9	133302794	9:133302794:G:A	0.131574202600901	0.13550211471505	0.331542217738871	4.16549951724683e-14	FALSE
9	133318693	9:133318693:A:G	0.361669069460919	0.0916149226814612	7.89025756020334e-05	1.40346511614102e-11	FALSE
9	133319548	9:133319548:A:G	-0.165382609472679	0.100054090872997	0.0983447017312351	7.17271488385606e-14	FALSE
9	133320327	9:133320327:T:G	-0.107546985496751	0.100758712045661	0.285804077462475	3.80981582123422e-14	FALSE
9	133325278	9:133325278:G:A	-0.126793177097293	0.12500596575594	0.310441051117686	4.12465582119082e-14	FALSE
9	133332667	9:133332667:G:A	-0.00640166971599722	0.102161465314811	0.950035439437174	2.44930708879576e-14	FALSE
9	133402020	9:133402020:C:T	-0.344811533412844	0.169829384142693	0.0423219062563302	1.15253599368454e-13	FALSE
9	133402909	9:133402909:T:C	0.0550241602557402	0.0867547138479119	0.525917809409264	2.53395686864199e-14	FALSE
9	133403182	9:133403182:A:G	-0.0419973104420521	0.0912013630241154	0.645164588713977	2.43513060527427e-14	FALSE
9	133414815	9:133414815:C:T	-0.24654751262344	0.146883779688976	0.0932454292534167	7.9462119812412e-14	FALSE
9	133422462	9:133422462:C:T	-0.162204909237363	0.174489637314202	0.352580179496216	4.51690848773588e-14	FALSE
9	133425943	9:133425943:T:C	0.0181733533483637	0.0930173090626276	0.845098573712797	2.30293486088701e-14	FALSE
9	133426474	9:133426474:G:A	0.0227692481644597	0.104743307511393	0.827911115340418	2.54080297597674e-14	FALSE
9	133432286	9:133432286:T:G	0.330158243106479	0.119086804286856	0.00556417609928995	4.69445806761948e-13	FALSE
9	133439376	9:133439376:G:A	0.0695900528355577	0.0933113742521369	0.455798405945832	2.85613469921191e-14	FALSE
9	133440409	9:133440409:C:G	-0.289726640307926	0.209144006378457	0.16596156005932	6.14440274445399e-14	FALSE
9	133458632	9:133458632:A:G	-0.180116604783648	0.123556460894542	0.144904613240522	6.09646925234246e-14	FALSE
9	133464927	9:133464927:T:C	-0.524249539005791	0.261523843664527	0.0450063004036533	8.96322843946632e-14	FALSE
9	133475314	9:133475314:T:C	-0.0253028519265355	0.274352822677941	0.926517355996417	4.35058462743736e-14	FALSE
9	133483631	9:133483631:G:A	-0.125910774849144	0.151027039903894	0.404451805963249	4.04218546163567e-14	FALSE
9	133521601	9:133521601:C:T	0.119447134088954	0.193514916371245	0.537069663703239	4.12470648371953e-14	FALSE
9	133522856	9:133522856:T:C	0.224261791875748	0.25092610190082	0.371462943029609	4.909535326607e-14	FALSE
9	133524994	9:133524994:T:G	-0.266996455525146	0.0916145369903369	0.00356434666767736	7.48983470715829e-13	FALSE
9	133530851	9:133530851:C:T	0.145114749192544	0.107487780593798	0.176997346016063	5.16142840707221e-14	FALSE
9	133532712	9:133532712:A:G	0.135288610808014	0.0942473244341818	0.151155012025012	5.32456893900828e-14	FALSE
9	133533490	9:133533490:C:T	0.271817306261461	0.19427017953543	0.16176154882138	6.19819008389939e-14	FALSE
9	133533953	9:133533953:A:G	0.155373905961675	0.0892777823302946	0.0817989209896848	7.74685550333045e-14	FALSE
9	133538011	9:133538011:T:C	0.25859781579237	0.191800858666462	0.177574118702607	5.97423946206587e-14	FALSE
9	133539394	9:133539394:C:T	0.177352406233603	0.136764680180826	0.194710154854017	5.38149331717919e-14	FALSE
9	133540399	9:133540399:G:A	-0.192724475765071	0.182659381359614	0.291378183801005	4.91082502307545e-14	FALSE
9	133541087	9:133541087:T:G	0.0118598129150413	0.182546426715927	0.948198882628269	3.62833222273198e-14	FALSE
9	133542086	9:133542086:C:T	-0.0556691232319188	0.111923465764716	0.618917138990085	2.88465485503393e-14	FALSE
9	133542327	9:133542327:C:A	-0.257844994158338	0.300139396299166	0.39029409858529	5.01123942801931e-14	FALSE
9	133543547	9:133543547:T:C	0.0552093367413276	0.0963170163401441	0.566506311310256	2.6653251670123e-14	FALSE
9	133543719	9:133543719:C:T	0.0284518429287335	0.0921200583734052	0.757430984281171	2.33931477949663e-14	FALSE
9	133544042	9:133544042:T:G	0.0302889752139182	0.109409096078898	0.781901835117073	2.65729133811336e-14	FALSE
9	133549409	9:133549409:A:G	0.0116216142458166	0.109120994962622	0.915183995666134	2.58610486932627e-14	FALSE
9	133586729	9:133586729:G:A	-0.00620411792518895	0.11247376669213	0.956010535684245	2.63819548318652e-14	FALSE
9	133589136	9:133589136:C:T	-0.00900837187895263	0.0944232289617294	0.923993786417631	2.30369575193346e-14	FALSE
9	133593189	9:133593189:T:G	0.109448457256573	0.0877855698437818	0.21248166661638	4.14577749470635e-14	FALSE
9	133593282	9:133593282:T:C	-0.201890713244421	0.0948547603507269	0.0333023250865273	1.46386394337055e-13	FALSE
9	133595098	9:133595098:G:A	0.0863697193560138	0.0971949033594303	0.374205212844787	3.23399865549208e-14	FALSE
9	133596651	9:133596651:A:G	-0.137054829234712	0.100352743823763	0.172023485433423	5.07874694958413e-14	FALSE
9	133597741	9:133597741:G:A	-0.0111794739846469	0.106456406177127	0.916364245474609	2.5368456149754e-14	FALSE
