CHROM	POS	ID	A1	A1_FREQ	OR	P	PP	is_causal
9	133266804	9:133266804:G:T	T	0.385502	0.415027290779141	1.44879e-09	0.243284276559363	
9	133263862	9:133263862:A:C	C	0.387336	0.420263240896494	2.17696e-09	0.192446065238696	
9	133273682	9:133273682:A:T	T	0.380131	0.428067665043565	4.35466e-09	0.125589159212107	yes
9	133261662	9:133261662:G:A	A	0.360331	0.434250379474271	8.71991e-09	0.0789839880846772	
9	133261703	9:133261703:A:G	G	0.358678	0.441072948991908	1.36172e-08	0.0617075335682845	
9	133267960	9:133267960:T:C	C	0.35832	0.443119408549204	1.49871e-08	0.0590986865686595	
9	133270074	9:133270074:T:A	A	0.357496	0.444509878690297	1.75336e-08	0.0531350351539869	
9	133271249	9:133271249:A:T	T	0.357496	0.449515923851223	2.51562e-08	0.0429181682601028	
9	133270565	9:133270565:G:A	A	0.354785	0.44836439297624	2.62968e-08	0.0405216938780499	
9	133269828	9:133269828:T:C	C	0.355611	0.450291557708217	2.91728e-08	0.0384234144938363	
9	133273813	9:133273813:C:T	T	0.352405	0.45526482335178	4.33863e-08	0.0300300916677747	
