MG1417	MG1417	MG1265	MG1265	case	control	0.25497	First_degree	yes
MG0543	MG0543	MG0529	MG0529	case	control	0.253555	First_degree	yes
MG0977	MG0977	MG0782	MG0782	control	case	0.25355	First_degree	yes
MG0572	MG0572	MG0508	MG0508	control	control	0.252827	First_degree	yes
MG0436	MG0436	MG0435	MG0435	control	control	0.252553	First_degree	yes
MG1410	MG1410	MG1239	MG1239	control	case	0.252521	First_degree	yes
MG0538	MG0538	MG0525	MG0525	case	control	0.252298	First_degree	yes
MG0339	MG0339	MG0337	MG0337	control	control	0.252163	First_degree	yes
MG0973	MG0973	MG0869	MG0869	control	case	0.252155	First_degree	yes
MG0586	MG0586	MG0482	MG0482	control	control	0.25215	First_degree	yes
MG1452	MG1452	MG1222	MG1222	control	control	0.252127	First_degree	yes
MG1022	MG1022	MG0930	MG0930	control	control	0.251963	First_degree	yes
MG0491	MG0491	MG0490	MG0490	control	case	0.251889	First_degree	yes
MG0407	MG0407	MG0406	MG0406	case	control	0.251855	First_degree	yes
MG0552	MG0552	MG0526	MG0526	control	control	0.251854	First_degree	yes
MG0493	MG0493	MG0489	MG0489	case	control	0.25179	First_degree	yes
MG1461	MG1461	MG1348	MG1348	control	control	0.251783	First_degree	yes
MG0492	MG0492	MG0488	MG0488	case	control	0.251704	First_degree	yes
MG0546	MG0546	MG0516	MG0516	control	control	0.251666	First_degree	yes
MG0561	MG0561	MG0524	MG0524	control	case	0.25158	First_degree	yes
MG0404	MG0404	MG0403	MG0403	case	control	0.251553	First_degree	yes
MG0487	MG0487	MG0481	MG0481	control	control	0.251522	First_degree	yes
MG0577	MG0577	MG0509	MG0509	case	control	0.251507	First_degree	yes
MG1416	MG1416	MG1140	MG1140	control	case	0.251505	First_degree	yes
MG0605	MG0605	MG0596	MG0596	control	control	0.251473	First_degree	yes
MG0434	MG0434	MG0432	MG0432	case	control	0.251462	First_degree	yes
MG0395	MG0395	MG0393	MG0393	control	case	0.251461	First_degree	yes
MG0497	MG0497	MG0494	MG0494	control	case	0.251452	First_degree	yes
MG1450	MG1450	MG1348	MG1348	control	control	0.251433	First_degree	yes
MG1077	MG1077	MG0912	MG0912	control	control	0.25132	First_degree	yes
MG0440	MG0440	MG0438	MG0438	control	case	0.251261	First_degree	yes
MG1383	MG1383	MG1143	MG1143	case	control	0.251248	First_degree	yes
MG0392	MG0392	MG0391	MG0391	control	control	0.251187	First_degree	yes
MG1074	MG1074	MG0957	MG0957	case	control	0.251159	First_degree	yes
MG0449	MG0449	MG0448	MG0448	control	case	0.251148	First_degree	yes
MG0966	MG0966	MG0954	MG0954	case	control	0.251138	First_degree	yes
MG0453	MG0453	MG0452	MG0452	case	case	0.251124	First_degree	yes
MG0469	MG0469	MG0467	MG0467	control	control	0.251109	First_degree	yes
MG1068	MG1068	MG0953	MG0953	case	case	0.251084	First_degree	yes
MG0547	MG0547	MG0516	MG0516	control	control	0.251072	First_degree	yes
MG0625	MG0625	MG0622	MG0622	case	control	0.251055	First_degree	yes
MG1099	MG1099	MG1010	MG1010	control	case	0.251047	First_degree	yes
MG0406	MG0406	MG0405	MG0405	control	case	0.251043	First_degree	yes
MG0469	MG0469	MG0468	MG0468	control	control	0.251042	First_degree	yes
MG0447	MG0447	MG0445	MG0445	control	control	0.251012	First_degree	yes
MG1082	MG1082	MG0864	MG0864	control	case	0.251011	First_degree	yes
MG1076	MG1076	MG0933	MG0933	control	control	0.25098	First_degree	yes
MG1414	MG1414	MG1305	MG1305	control	case	0.250875	First_degree	yes
MG0570	MG0570	MG0507	MG0507	control	case	0.250842	First_degree	yes
MG0434	MG0434	MG0433	MG0433	case	control	0.250839	First_degree	yes
MG1002	MG1002	MG0836	MG0836	control	control	0.250827	First_degree	yes
MG1146	MG1146	MG1138	MG1138	case	control	0.2508	First_degree	yes
MG0345	MG0345	MG0343	MG0343	case	control	0.250747	First_degree	yes
MG0424	MG0424	MG0423	MG0423	control	case	0.250746	First_degree	yes
MG0757	MG0757	MG0756	MG0756	case	control	0.250727	First_degree	yes
MG0533	MG0533	MG0522	MG0522	case	case	0.250688	First_degree	yes
MG0549	MG0549	MG0517	MG0517	case	control	0.250654	First_degree	yes
MG0548	MG0548	MG0517	MG0517	control	control	0.250641	First_degree	yes
MG0431	MG0431	MG0430	MG0430	control	control	0.25061	First_degree	yes
MG0498	MG0498	MG0489	MG0489	case	control	0.250602	First_degree	yes
MG0466	MG0466	MG0464	MG0464	control	control	0.250588	First_degree	yes
MG0565	MG0565	MG0520	MG0520	control	control	0.250579	First_degree	yes
MG1068	MG1068	MG0837	MG0837	case	control	0.250556	First_degree	yes
MG0532	MG0532	MG0523	MG0523	control	case	0.250544	First_degree	yes
MG0392	MG0392	MG0390	MG0390	control	case	0.250535	First_degree	yes
MG0615	MG0615	MG0611	MG0611	control	control	0.25053	First_degree	yes
MG1036	MG1036	MG0840	MG0840	control	case	0.250526	First_degree	yes
MG0386	MG0386	MG0384	MG0384	control	case	0.250522	First_degree	yes
MG0630	MG0630	MG0628	MG0628	control	control	0.250467	First_degree	yes
MG0354	MG0354	MG0352	MG0352	control	control	0.250442	First_degree	yes
MG0368	MG0368	MG0366	MG0366	case	case	0.250415	First_degree	yes
MG1036	MG1036	MG0849	MG0849	control	control	0.250415	First_degree	yes
MG0569	MG0569	MG0519	MG0519	control	control	0.250406	First_degree	yes
MG0585	MG0585	MG0514	MG0514	control	control	0.250373	First_degree	yes
MG0856	MG0856	MG0798	MG0798	control	control	0.250363	First_degree	yes
MG0599	MG0599	MG0598	MG0598	control	control	0.250333	First_degree	yes
MG0348	MG0348	MG0346	MG0346	case	case	0.250324	First_degree	yes
MG1381	MG1381	MG1158	MG1158	control	case	0.250309	First_degree	yes
MG0636	MG0636	MG0634	MG0634	control	control	0.250308	First_degree	yes
MG1034	MG1034	MG0905	MG0905	control	control	0.250302	First_degree	yes
MG0401	MG0401	MG0400	MG0400	case	control	0.250243	First_degree	yes
MG0589	MG0589	MG0587	MG0587	case	case	0.250218	First_degree	yes
MG0575	MG0575	MG0519	MG0519	control	control	0.250197	First_degree	yes
MG1053	MG1053	MG0787	MG0787	case	control	0.250193	First_degree	yes
MG0590	MG0590	MG0587	MG0587	control	case	0.250126	First_degree	yes
MG0573	MG0573	MG0528	MG0528	control	control	0.250072	First_degree	yes
MG1414	MG1414	MG1312	MG1312	control	control	0.250047	First_degree	yes
MG1408	MG1408	MG1296	MG1296	control	case	0.250034	First_degree	yes
MG0560	MG0560	MG0524	MG0524	case	case	0.25003	First_degree	yes
MG0580	MG0580	MG0511	MG0511	control	case	0.25003	First_degree	yes
MG0336	MG0336	MG0334	MG0334	control	control	0.250006	First_degree	yes
MG0342	MG0342	MG0340	MG0340	case	control	0.25	First_degree	yes
MG1265	MG1265	MG1153	MG1153	control	case	0.249967	First_degree	yes
MG0357	MG0357	MG0356	MG0356	control	control	0.249958	First_degree	yes
MG0633	MG0633	MG0629	MG0629	case	control	0.249917	First_degree	yes
MG0471	MG0471	MG0470	MG0470	control	control	0.249916	First_degree	yes
MG0980	MG0980	MG0939	MG0939	case	case	0.249884	First_degree	yes
MG1013	MG1013	MG0770	MG0770	control	control	0.249879	First_degree	yes
MG0374	MG0374	MG0373	MG0373	control	control	0.249855	First_degree	yes
MG1093	MG1093	MG0856	MG0856	control	control	0.249806	First_degree	yes
MG0377	MG0377	MG0376	MG0376	control	control	0.249795	First_degree	yes
MG0938	MG0938	MG0869	MG0869	control	case	0.249785	First_degree	yes
MG0760	MG0760	MG0759	MG0759	control	control	0.249772	First_degree	yes
MG1408	MG1408	MG1337	MG1337	control	case	0.249764	First_degree	yes
MG0400	MG0400	MG0399	MG0399	control	control	0.249745	First_degree	yes
MG0608	MG0608	MG0606	MG0606	control	case	0.249725	First_degree	yes
MG0969	MG0969	MG0865	MG0865	control	control	0.249724	First_degree	yes
MG1423	MG1423	MG1244	MG1244	control	case	0.249723	First_degree	yes
MG0612	MG0612	MG0610	MG0610	case	case	0.249722	First_degree	yes
MG1000	MG1000	MG0924	MG0924	control	control	0.24972	First_degree	yes
MG1023	MG1023	MG0987	MG0987	case	case	0.249716	First_degree	yes
MG1044	MG1044	MG0847	MG0847	control	control	0.249705	First_degree	yes
MG1391	MG1391	MG1343	MG1343	control	control	0.249701	First_degree	yes
MG0500	MG0500	MG0490	MG0490	control	case	0.249684	First_degree	yes
MG0371	MG0371	MG0369	MG0369	control	control	0.249679	First_degree	yes
MG0354	MG0354	MG0353	MG0353	control	case	0.249674	First_degree	yes
MG0830	MG0830	MG0814	MG0814	case	case	0.249667	First_degree	yes
MG0578	MG0578	MG0528	MG0528	control	control	0.249664	First_degree	yes
MG0374	MG0374	MG0372	MG0372	control	case	0.249642	First_degree	yes
MG0370	MG0370	MG0369	MG0369	control	control	0.249619	First_degree	yes
MG0357	MG0357	MG0355	MG0355	control	control	0.249597	First_degree	yes
MG1092	MG1092	MG0847	MG0847	case	control	0.249574	First_degree	yes
MG0761	MG0761	MG0651	MG0651	control	control	0.249573	First_degree	yes
MG1083	MG1083	MG0872	MG0872	control	case	0.249568	First_degree	yes
MG0545	MG0545	MG0515	MG0515	control	control	0.249553	First_degree	yes
MG0495	MG0495	MG0486	MG0486	case	case	0.24955	First_degree	yes
MG0339	MG0339	MG0338	MG0338	control	control	0.249543	First_degree	yes
MG1060	MG1060	MG0945	MG0945	case	control	0.249536	First_degree	yes
MG0567	MG0567	MG0518	MG0518	control	control	0.249527	First_degree	yes
MG0403	MG0403	MG0402	MG0402	control	control	0.249516	First_degree	yes
MG0466	MG0466	MG0465	MG0465	control	control	0.249507	First_degree	yes
MG1275	MG1275	MG1255	MG1255	case	control	0.2495	First_degree	yes
MG0333	MG0333	MG0331	MG0331	control	case	0.249482	First_degree	yes
MG1356	MG1356	MG1344	MG1344	case	control	0.249432	First_degree	yes
MG0613	MG0613	MG0610	MG0610	control	case	0.249426	First_degree	yes
MG0649	MG0649	MG0648	MG0648	control	control	0.249425	First_degree	yes
MG0492	MG0492	MG0485	MG0485	case	control	0.249421	First_degree	yes
MG1440	MG1440	MG1316	MG1316	control	control	0.249391	First_degree	yes
MG0398	MG0398	MG0396	MG0396	case	case	0.249373	First_degree	yes
MG0621	MG0621	MG0617	MG0617	control	control	0.249361	First_degree	yes
MG0386	MG0386	MG0385	MG0385	control	case	0.249349	First_degree	yes
MG0452	MG0452	MG0451	MG0451	case	control	0.249346	First_degree	yes
MG0571	MG0571	MG0508	MG0508	control	control	0.24933	First_degree	yes
MG0555	MG0555	MG0527	MG0527	case	control	0.249326	First_degree	yes
MG0594	MG0594	MG0593	MG0593	case	control	0.249263	First_degree	yes
MG0642	MG0642	MG0640	MG0640	control	control	0.249254	First_degree	yes
MG0626	MG0626	MG0623	MG0623	case	case	0.249228	First_degree	yes
MG0603	MG0603	MG0602	MG0602	case	case	0.249218	First_degree	yes
MG0504	MG0504	MG0503	MG0503	control	control	0.249216	First_degree	yes
MG0988	MG0988	MG0983	MG0983	control	case	0.24921	First_degree	yes
MG0582	MG0582	MG0510	MG0510	control	control	0.249199	First_degree	yes
MG0345	MG0345	MG0344	MG0344	case	control	0.249197	First_degree	yes
MG0563	MG0563	MG0521	MG0521	control	case	0.249173	First_degree	yes
MG1403	MG1403	MG1172	MG1172	case	case	0.249162	First_degree	yes
MG0620	MG0620	MG0617	MG0617	case	control	0.249146	First_degree	yes
MG1086	MG1086	MG0883	MG0883	control	control	0.24914	First_degree	yes
MG0541	MG0541	MG0530	MG0530	control	control	0.249107	First_degree	yes
MG0604	MG0604	MG0596	MG0596	control	control	0.249092	First_degree	yes
MG1110	MG1110	MG0858	MG0858	control	case	0.249039	First_degree	yes
MG0554	MG0554	MG0527	MG0527	case	control	0.249008	First_degree	yes
MG0472	MG0472	MG0470	MG0470	control	control	0.249005	First_degree	yes
MG0450	MG0450	MG0449	MG0449	control	control	0.248995	First_degree	yes
MG1307	MG1307	MG1158	MG1158	control	case	0.248987	First_degree	yes
MG0757	MG0757	MG0755	MG0755	case	control	0.248968	First_degree	yes
MG0360	MG0360	MG0358	MG0358	case	case	0.248964	First_degree	yes
MG0389	MG0389	MG0387	MG0387	case	case	0.248962	First_degree	yes
MG0624	MG0624	MG0622	MG0622	case	control	0.248926	First_degree	yes
MG0994	MG0994	MG0830	MG0830	control	case	0.248905	First_degree	yes
MG0504	MG0504	MG0502	MG0502	control	control	0.248891	First_degree	yes
MG0531	MG0531	MG0523	MG0523	control	case	0.248883	First_degree	yes
MG0600	MG0600	MG0598	MG0598	control	control	0.248883	First_degree	yes
MG0562	MG0562	MG0521	MG0521	control	case	0.248858	First_degree	yes
MG0638	MG0638	MG0635	MG0635	control	case	0.248803	First_degree	yes
MG1178	MG1178	MG1148	MG1148	control	case	0.248794	First_degree	yes
MG0410	MG0410	MG0409	MG0409	control	case	0.248793	First_degree	yes
MG0760	MG0760	MG0758	MG0758	control	control	0.248792	First_degree	yes
MG0419	MG0419	MG0418	MG0418	case	case	0.248767	First_degree	yes
MG0342	MG0342	MG0341	MG0341	case	control	0.248764	First_degree	yes
MG1009	MG1009	MG0934	MG0934	case	control	0.248711	First_degree	yes
MG0425	MG0425	MG0423	MG0423	control	case	0.24871	First_degree	yes
MG1409	MG1409	MG1290	MG1290	case	case	0.248696	First_degree	yes
MG0905	MG0905	MG0781	MG0781	control	control	0.248682	First_degree	yes
MG0913	MG0913	MG0779	MG0779	control	control	0.24866	First_degree	yes
MG0365	MG0365	MG0364	MG0364	case	case	0.248644	First_degree	yes
MG0614	MG0614	MG0611	MG0611	control	control	0.248615	First_degree	yes
MG0484	MG0484	MG0483	MG0483	control	case	0.248594	First_degree	yes
MG0637	MG0637	MG0634	MG0634	control	control	0.248592	First_degree	yes
MG0627	MG0627	MG0623	MG0623	case	case	0.248562	First_degree	yes
MG1107	MG1107	MG1027	MG1027	case	case	0.248559	First_degree	yes
MG0639	MG0639	MG0635	MG0635	control	case	0.248554	First_degree	yes
MG0824	MG0824	MG0771	MG0771	control	control	0.248545	First_degree	yes
MG1100	MG1100	MG0937	MG0937	control	case	0.248529	First_degree	yes
MG0478	MG0478	MG0477	MG0477	case	control	0.248525	First_degree	yes
MG0564	MG0564	MG0520	MG0520	control	control	0.248517	First_degree	yes
MG1043	MG1043	MG0964	MG0964	case	case	0.248463	First_degree	yes
MG0607	MG0607	MG0606	MG0606	control	case	0.248455	First_degree	yes
MG0542	MG0542	MG0529	MG0529	control	control	0.248445	First_degree	yes
MG1262	MG1262	MG1223	MG1223	case	control	0.248443	First_degree	yes
MG0365	MG0365	MG0363	MG0363	case	control	0.248429	First_degree	yes
MG0351	MG0351	MG0349	MG0349	control	control	0.248419	First_degree	yes
MG0632	MG0632	MG0629	MG0629	control	control	0.248419	First_degree	yes
MG0478	MG0478	MG0476	MG0476	case	case	0.248407	First_degree	yes
MG0428	MG0428	MG0426	MG0426	case	control	0.248361	First_degree	yes
MG0963	MG0963	MG0952	MG0952	case	case	0.248337	First_degree	yes
MG0788	MG0788	MG0777	MG0777	control	control	0.248333	First_degree	yes
MG1002	MG1002	MG0793	MG0793	control	control	0.248323	First_degree	yes
MG0437	MG0437	MG0435	MG0435	control	control	0.248318	First_degree	yes
MG0397	MG0397	MG0396	MG0396	control	case	0.248277	First_degree	yes
MG1073	MG1073	MG0915	MG0915	case	control	0.248254	First_degree	yes
MG0553	MG0553	MG0526	MG0526	control	control	0.248234	First_degree	yes
MG0534	MG0534	MG0522	MG0522	control	case	0.24821	First_degree	yes
MG0379	MG0379	MG0378	MG0378	control	control	0.248207	First_degree	yes
MG1440	MG1440	MG1247	MG1247	control	case	0.248204	First_degree	yes
MG0333	MG0333	MG0332	MG0332	control	control	0.248199	First_degree	yes
MG0878	MG0878	MG0813	MG0813	control	case	0.248176	First_degree	yes
MG0641	MG0641	MG0640	MG0640	control	control	0.248169	First_degree	yes
MG1027	MG1027	MG0949	MG0949	case	case	0.248096	First_degree	yes
MG0576	MG0576	MG0509	MG0509	control	control	0.248083	First_degree	yes
MG0631	MG0631	MG0628	MG0628	control	control	0.248004	First_degree	yes
MG0422	MG0422	MG0421	MG0421	control	case	0.248003	First_degree	yes
MG0860	MG0860	MG0769	MG0769	case	case	0.247995	First_degree	yes
MG0983	MG0983	MG0885	MG0885	case	case	0.247982	First_degree	yes
MG1098	MG1098	MG1056	MG1056	case	case	0.247917	First_degree	yes
MG0595	MG0595	MG0593	MG0593	control	control	0.247901	First_degree	yes
MG0645	MG0645	MG0643	MG0643	control	control	0.247884	First_degree	yes
MG0418	MG0418	MG0417	MG0417	case	control	0.247881	First_degree	yes
MG0568	MG0568	MG0518	MG0518	control	control	0.247878	First_degree	yes
MG0619	MG0619	MG0616	MG0616	control	case	0.247853	First_degree	yes
MG1410	MG1410	MG1282	MG1282	control	control	0.247852	First_degree	yes
MG1303	MG1303	MG1244	MG1244	control	case	0.247846	First_degree	yes
MG0348	MG0348	MG0347	MG0347	case	control	0.247797	First_degree	yes
MG0456	MG0456	MG0454	MG0454	case	case	0.247763	First_degree	yes
MG0579	MG0579	MG0511	MG0511	control	case	0.247724	First_degree	yes
MG0496	MG0496	MG0487	MG0487	case	control	0.24771	First_degree	yes
MG0421	MG0421	MG0420	MG0420	case	control	0.24765	First_degree	yes
MG0336	MG0336	MG0335	MG0335	control	control	0.247644	First_degree	yes
MG1445	MG1445	MG1403	MG1403	case	case	0.247627	First_degree	yes
MG0574	MG0574	MG0507	MG0507	control	case	0.247624	First_degree	yes
MG0483	MG0483	MG0480	MG0480	case	control	0.247609	First_degree	yes
MG0431	MG0431	MG0429	MG0429	control	case	0.247535	First_degree	yes
MG0539	MG0539	MG0525	MG0525	control	control	0.247495	First_degree	yes
MG0943	MG0943	MG0844	MG0844	case	case	0.247487	First_degree	yes
MG1045	MG1045	MG1024	MG1024	case	case	0.247391	First_degree	yes
MG0762	MG0762	MG0761	MG0761	case	control	0.247376	First_degree	yes
MG0395	MG0395	MG0394	MG0394	control	control	0.247368	First_degree	yes
MG1011	MG1011	MG0967	MG0967	control	case	0.247368	First_degree	yes
MG0540	MG0540	MG0530	MG0530	case	control	0.247339	First_degree	yes
MG1290	MG1290	MG1114	MG1114	case	case	0.247308	First_degree	yes
MG0367	MG0367	MG0366	MG0366	control	case	0.247286	First_degree	yes
MG0380	MG0380	MG0379	MG0379	case	control	0.247271	First_degree	yes
MG0592	MG0592	MG0588	MG0588	case	control	0.247209	First_degree	yes
MG0382	MG0382	MG0381	MG0381	control	case	0.247208	First_degree	yes
MG0499	MG0499	MG0497	MG0497	control	control	0.247207	First_degree	yes
MG0559	MG0559	MG0513	MG0513	control	control	0.247184	First_degree	yes
MG0644	MG0644	MG0643	MG0643	case	control	0.247172	First_degree	yes
MG0383	MG0383	MG0381	MG0381	case	case	0.247141	First_degree	yes
MG0455	MG0455	MG0454	MG0454	control	case	0.247093	First_degree	yes
MG0557	MG0557	MG0512	MG0512	case	case	0.247054	First_degree	yes
MG0427	MG0427	MG0426	MG0426	control	control	0.246912	First_degree	yes
MG1076	MG1076	MG0815	MG0815	control	case	0.246912	First_degree	yes
MG0415	MG0415	MG0414	MG0414	control	case	0.246862	First_degree	yes
MG1031	MG1031	MG0934	MG0934	control	control	0.246811	First_degree	yes
MG0556	MG0556	MG0512	MG0512	control	case	0.246663	First_degree	yes
MG1457	MG1457	MG1288	MG1288	control	case	0.246581	First_degree	yes
MG0351	MG0351	MG0350	MG0350	control	control	0.24656	First_degree	yes
MG0650	MG0650	MG0648	MG0648	control	control	0.246467	First_degree	yes
MG0360	MG0360	MG0359	MG0359	case	control	0.246438	First_degree	yes
MG0544	MG0544	MG0515	MG0515	case	control	0.246436	First_degree	yes
MG0506	MG0506	MG0486	MG0486	control	case	0.246287	First_degree	yes
MG1020	MG1020	MG0987	MG0987	case	case	0.246137	First_degree	yes
MG1449	MG1449	MG1146	MG1146	case	case	0.24611	First_degree	yes
MG0936	MG0936	MG0931	MG0931	case	case	0.2454	First_degree	yes
MG0982	MG0982	MG0799	MG0799	case	control	0.24528	First_degree	yes
MG0440	MG0440	MG0439	MG0439	control	control	0.245029	First_degree	yes
MG1454	MG1454	MG1140	MG1140	case	case	0.244838	First_degree	yes
MG1071	MG1071	MG0957	MG0957	control	control	0.244488	First_degree	yes
MG0376	MG0376	MG0375	MG0375	control	control	0.24435	First_degree	yes
MG0586	MG0586	MG0479	MG0479	control	case	0.243237	First_degree	yes
MG1260	MG1260	MG1153	MG1153	control	case	0.242005	First_degree	yes
MG0591	MG0591	MG0588	MG0588	control	control	0.241726	First_degree	yes
MG0631	MG0631	MG0496	MG0496	control	case	0.240898	First_degree	yes
MG0410	MG0410	MG0408	MG0408	control	case	0.238289	First_degree	yes
MG1084	MG1084	MG1019	MG1019	case	control	0.237611	First_degree	yes
MG1042	MG1042	MG0898	MG0898	case	case	0.236979	First_degree	yes
