FID1	IID1	FID2	IID2	PHENO1	PHENO2	KINSHIP	RELATIONSHIP_CATEGORY	USED_FOR_PRUNING
MG0036	MG0036	MG0035	MG0035	case	case	0.0641534	Third_degree	no
MG0171	MG0171	MG0167	MG0167	control	control	0.0794654	Third_degree	no
MG0228	MG0228	MG0226	MG0226	control	control	0.0723502	Third_degree	no
MG0333	MG0333	MG0331	MG0331	control	control	0.249094	First_degree	yes
MG0333	MG0333	MG0332	MG0332	control	control	0.248491	First_degree	yes
MG0336	MG0336	MG0334	MG0334	control	control	0.250114	First_degree	yes
MG0336	MG0336	MG0335	MG0335	control	control	0.247095	First_degree	yes
MG0339	MG0339	MG0337	MG0337	control	control	0.251349	First_degree	yes
MG0339	MG0339	MG0338	MG0338	control	control	0.249387	First_degree	yes
MG0342	MG0342	MG0340	MG0340	control	control	0.24997	First_degree	yes
MG0342	MG0342	MG0341	MG0341	control	control	0.248251	First_degree	yes
MG0345	MG0345	MG0343	MG0343	control	control	0.250355	First_degree	yes
MG0345	MG0345	MG0344	MG0344	control	case	0.249254	First_degree	yes
MG0348	MG0348	MG0346	MG0346	control	case	0.250351	First_degree	yes
MG0348	MG0348	MG0347	MG0347	control	case	0.247329	First_degree	yes
MG0351	MG0351	MG0349	MG0349	case	case	0.247822	First_degree	yes
MG0351	MG0351	MG0350	MG0350	case	case	0.246413	First_degree	yes
MG0354	MG0354	MG0352	MG0352	control	control	0.250188	First_degree	yes
MG0354	MG0354	MG0353	MG0353	control	case	0.249227	First_degree	yes
MG0357	MG0357	MG0355	MG0355	control	control	0.249548	First_degree	yes
MG0357	MG0357	MG0356	MG0356	control	control	0.249506	First_degree	yes
MG0360	MG0360	MG0358	MG0358	control	case	0.249014	First_degree	yes
MG0360	MG0360	MG0359	MG0359	control	control	0.246524	First_degree	yes
MG0365	MG0365	MG0363	MG0363	case	control	0.248237	First_degree	yes
MG0365	MG0365	MG0364	MG0364	case	control	0.249199	First_degree	yes
MG0367	MG0367	MG0366	MG0366	case	case	0.246651	First_degree	yes
MG0368	MG0368	MG0366	MG0366	case	case	0.250346	First_degree	yes
MG0370	MG0370	MG0369	MG0369	control	case	0.249653	First_degree	yes
MG0371	MG0371	MG0369	MG0369	control	case	0.249509	First_degree	yes
MG0374	MG0374	MG0372	MG0372	control	control	0.24991	First_degree	yes
MG0374	MG0374	MG0373	MG0373	control	control	0.249665	First_degree	yes
MG0376	MG0376	MG0375	MG0375	control	case	0.244048	First_degree	yes
MG0377	MG0377	MG0376	MG0376	case	control	0.24928	First_degree	yes
MG0379	MG0379	MG0378	MG0378	control	case	0.248279	First_degree	yes
MG0380	MG0380	MG0379	MG0379	case	control	0.247303	First_degree	yes
MG0382	MG0382	MG0381	MG0381	control	case	0.247033	First_degree	yes
MG0383	MG0383	MG0381	MG0381	control	case	0.247453	First_degree	yes
MG0386	MG0386	MG0384	MG0384	control	case	0.250776	First_degree	yes
MG0386	MG0386	MG0385	MG0385	control	control	0.249346	First_degree	yes
MG0389	MG0389	MG0387	MG0387	control	control	0.249106	First_degree	yes
MG0392	MG0392	MG0390	MG0390	case	control	0.250672	First_degree	yes
MG0392	MG0392	MG0391	MG0391	case	case	0.251067	First_degree	yes
MG0395	MG0395	MG0393	MG0393	case	case	0.251369	First_degree	yes
MG0395	MG0395	MG0394	MG0394	case	case	0.247093	First_degree	yes
MG0397	MG0397	MG0396	MG0396	control	case	0.247316	First_degree	yes
MG0398	MG0398	MG0396	MG0396	control	case	0.249162	First_degree	yes
MG0400	MG0400	MG0399	MG0399	case	case	0.249868	First_degree	yes
MG0401	MG0401	MG0400	MG0400	case	case	0.250613	First_degree	yes
MG0403	MG0403	MG0402	MG0402	control	case	0.24895	First_degree	yes
MG0404	MG0404	MG0403	MG0403	control	control	0.251721	First_degree	yes
MG0406	MG0406	MG0405	MG0405	case	control	0.250671	First_degree	yes
MG0407	MG0407	MG0406	MG0406	control	case	0.25167	First_degree	yes
MG0410	MG0410	MG0409	MG0409	control	case	0.248508	First_degree	yes
MG0415	MG0415	MG0414	MG0414	control	control	0.246817	First_degree	yes
MG0418	MG0418	MG0417	MG0417	case	control	0.248009	First_degree	yes
MG0419	MG0419	MG0418	MG0418	control	case	0.248735	First_degree	yes
MG0421	MG0421	MG0420	MG0420	case	control	0.247156	First_degree	yes
MG0422	MG0422	MG0421	MG0421	case	case	0.248282	First_degree	yes
MG0424	MG0424	MG0423	MG0423	case	case	0.250779	First_degree	yes
MG0425	MG0425	MG0423	MG0423	control	case	0.248334	First_degree	yes
MG0427	MG0427	MG0426	MG0426	case	control	0.247232	First_degree	yes
MG0428	MG0428	MG0426	MG0426	control	control	0.248859	First_degree	yes
MG0431	MG0431	MG0429	MG0429	control	case	0.247557	First_degree	yes
MG0431	MG0431	MG0430	MG0430	control	case	0.250084	First_degree	yes
MG0434	MG0434	MG0432	MG0432	control	control	0.250634	First_degree	yes
MG0434	MG0434	MG0433	MG0433	control	control	0.250887	First_degree	yes
MG0436	MG0436	MG0435	MG0435	control	case	0.251873	First_degree	yes
MG0437	MG0437	MG0435	MG0435	control	case	0.24799	First_degree	yes
MG0440	MG0440	MG0438	MG0438	control	control	0.251069	First_degree	yes
MG0440	MG0440	MG0439	MG0439	control	control	0.24449	First_degree	yes
MG0447	MG0447	MG0445	MG0445	control	case	0.250232	First_degree	yes
MG0449	MG0449	MG0448	MG0448	case	control	0.250359	First_degree	yes
MG0450	MG0450	MG0449	MG0449	control	case	0.248747	First_degree	yes
MG0452	MG0452	MG0451	MG0451	control	control	0.249892	First_degree	yes
MG0453	MG0453	MG0452	MG0452	control	control	0.250933	First_degree	yes
MG0455	MG0455	MG0454	MG0454	case	case	0.247391	First_degree	yes
MG0456	MG0456	MG0454	MG0454	control	case	0.247397	First_degree	yes
MG0466	MG0466	MG0464	MG0464	control	control	0.250582	First_degree	yes
MG0466	MG0466	MG0465	MG0465	control	control	0.249194	First_degree	yes
MG0469	MG0469	MG0467	MG0467	control	control	0.251348	First_degree	yes
MG0469	MG0469	MG0468	MG0468	control	control	0.250437	First_degree	yes
MG0471	MG0471	MG0470	MG0470	control	case	0.249929	First_degree	yes
MG0472	MG0472	MG0470	MG0470	control	case	0.249375	First_degree	yes
MG0478	MG0478	MG0476	MG0476	control	case	0.24783	First_degree	yes
MG0478	MG0478	MG0477	MG0477	control	control	0.248275	First_degree	yes
MG0483	MG0483	MG0480	MG0480	control	control	0.247859	First_degree	yes
MG0484	MG0484	MG0483	MG0483	control	control	0.248856	First_degree	yes
MG0487	MG0487	MG0481	MG0481	control	control	0.251375	First_degree	yes
MG0491	MG0491	MG0490	MG0490	case	control	0.252128	First_degree	yes
MG0492	MG0492	MG0485	MG0485	case	control	0.249592	First_degree	yes
MG0492	MG0492	MG0488	MG0488	case	case	0.252236	First_degree	yes
MG0493	MG0493	MG0489	MG0489	control	case	0.251169	First_degree	yes
MG0495	MG0495	MG0486	MG0486	control	control	0.249757	First_degree	yes
MG0496	MG0496	MG0487	MG0487	control	control	0.248011	First_degree	yes
MG0497	MG0497	MG0494	MG0494	case	control	0.251205	First_degree	yes
MG0498	MG0498	MG0489	MG0489	control	case	0.250845	First_degree	yes
MG0499	MG0499	MG0497	MG0497	control	case	0.247672	First_degree	yes
MG0500	MG0500	MG0490	MG0490	control	control	0.249158	First_degree	yes
MG0504	MG0504	MG0502	MG0502	control	case	0.248515	First_degree	yes
MG0504	MG0504	MG0503	MG0503	control	control	0.24923	First_degree	yes
MG0506	MG0506	MG0486	MG0486	control	control	0.245934	First_degree	yes
MG0531	MG0531	MG0523	MG0523	control	case	0.248884	First_degree	yes
MG0532	MG0532	MG0523	MG0523	control	case	0.249739	First_degree	yes
MG0533	MG0533	MG0522	MG0522	case	control	0.250922	First_degree	yes
MG0534	MG0534	MG0522	MG0522	case	control	0.247831	First_degree	yes
MG0538	MG0538	MG0525	MG0525	case	control	0.252128	First_degree	yes
MG0539	MG0539	MG0525	MG0525	case	control	0.247467	First_degree	yes
MG0540	MG0540	MG0530	MG0530	control	case	0.247098	First_degree	yes
MG0541	MG0541	MG0530	MG0530	control	case	0.249273	First_degree	yes
MG0542	MG0542	MG0529	MG0529	control	control	0.247454	First_degree	yes
MG0543	MG0543	MG0529	MG0529	case	control	0.253297	First_degree	yes
MG0544	MG0544	MG0515	MG0515	control	control	0.246797	First_degree	yes
MG0545	MG0545	MG0515	MG0515	control	control	0.249659	First_degree	yes
MG0546	MG0546	MG0516	MG0516	control	control	0.250992	First_degree	yes
MG0547	MG0547	MG0516	MG0516	control	control	0.250961	First_degree	yes
MG0548	MG0548	MG0517	MG0517	case	case	0.250107	First_degree	yes
MG0549	MG0549	MG0517	MG0517	control	case	0.25089	First_degree	yes
MG0552	MG0552	MG0526	MG0526	control	case	0.251484	First_degree	yes
MG0553	MG0553	MG0526	MG0526	control	case	0.248079	First_degree	yes
MG0554	MG0554	MG0527	MG0527	control	case	0.249114	First_degree	yes
MG0555	MG0555	MG0527	MG0527	control	case	0.249245	First_degree	yes
MG0556	MG0556	MG0512	MG0512	control	case	0.246663	First_degree	yes
MG0557	MG0557	MG0512	MG0512	control	case	0.246818	First_degree	yes
MG0559	MG0559	MG0513	MG0513	case	control	0.246549	First_degree	yes
MG0560	MG0560	MG0524	MG0524	case	control	0.250142	First_degree	yes
MG0561	MG0561	MG0524	MG0524	case	control	0.251545	First_degree	yes
MG0562	MG0562	MG0521	MG0521	case	control	0.24902	First_degree	yes
MG0563	MG0563	MG0521	MG0521	control	control	0.249121	First_degree	yes
MG0564	MG0564	MG0520	MG0520	case	control	0.248829	First_degree	yes
MG0565	MG0565	MG0520	MG0520	case	control	0.250183	First_degree	yes
MG0567	MG0567	MG0518	MG0518	case	control	0.249117	First_degree	yes
MG0568	MG0568	MG0518	MG0518	control	control	0.247942	First_degree	yes
MG0569	MG0569	MG0519	MG0519	case	control	0.250319	First_degree	yes
MG0570	MG0570	MG0507	MG0507	control	case	0.250378	First_degree	yes
MG0571	MG0571	MG0508	MG0508	control	control	0.249093	First_degree	yes
MG0572	MG0572	MG0508	MG0508	control	control	0.252279	First_degree	yes
MG0573	MG0573	MG0528	MG0528	control	control	0.249881	First_degree	yes
MG0574	MG0574	MG0507	MG0507	control	case	0.247629	First_degree	yes
MG0575	MG0575	MG0519	MG0519	control	control	0.249321	First_degree	yes
MG0576	MG0576	MG0509	MG0509	case	control	0.247604	First_degree	yes
MG0577	MG0577	MG0509	MG0509	control	control	0.251705	First_degree	yes
MG0578	MG0578	MG0528	MG0528	case	control	0.249577	First_degree	yes
MG0579	MG0579	MG0511	MG0511	control	control	0.247943	First_degree	yes
MG0580	MG0580	MG0511	MG0511	case	control	0.249388	First_degree	yes
MG0582	MG0582	MG0510	MG0510	control	control	0.248755	First_degree	yes
MG0585	MG0585	MG0514	MG0514	case	control	0.250268	First_degree	yes
MG0586	MG0586	MG0479	MG0479	control	control	0.243236	First_degree	yes
MG0586	MG0586	MG0482	MG0482	control	control	0.25212	First_degree	yes
MG0589	MG0589	MG0587	MG0587	control	control	0.250156	First_degree	yes
MG0590	MG0590	MG0587	MG0587	control	control	0.249644	First_degree	yes
MG0592	MG0592	MG0588	MG0588	control	control	0.246964	First_degree	yes
MG0594	MG0594	MG0593	MG0593	case	control	0.249672	First_degree	yes
MG0595	MG0595	MG0593	MG0593	control	control	0.247775	First_degree	yes
MG0597	MG0597	MG0550	MG0550	case	case	0.0505886	Third_degree	no
MG0599	MG0599	MG0598	MG0598	case	case	0.249658	First_degree	yes
MG0600	MG0600	MG0598	MG0598	control	case	0.248462	First_degree	yes
MG0603	MG0603	MG0602	MG0602	control	control	0.249304	First_degree	yes
MG0604	MG0604	MG0596	MG0596	control	control	0.249077	First_degree	yes
MG0605	MG0605	MG0596	MG0596	case	control	0.25122	First_degree	yes
MG0607	MG0607	MG0606	MG0606	control	case	0.248862	First_degree	yes
MG0608	MG0608	MG0606	MG0606	control	case	0.249295	First_degree	yes
MG0612	MG0612	MG0610	MG0610	control	control	0.25003	First_degree	yes
MG0613	MG0613	MG0610	MG0610	case	control	0.250012	First_degree	yes
MG0614	MG0614	MG0611	MG0611	control	case	0.249132	First_degree	yes
MG0615	MG0615	MG0611	MG0611	control	case	0.250554	First_degree	yes
MG0619	MG0619	MG0616	MG0616	control	control	0.247693	First_degree	yes
MG0620	MG0620	MG0617	MG0617	case	control	0.249054	First_degree	yes
MG0621	MG0621	MG0617	MG0617	control	control	0.248972	First_degree	yes
MG0624	MG0624	MG0622	MG0622	case	control	0.248783	First_degree	yes
MG0625	MG0625	MG0622	MG0622	control	control	0.251151	First_degree	yes
MG0626	MG0626	MG0623	MG0623	case	control	0.249645	First_degree	yes
MG0627	MG0627	MG0623	MG0623	control	control	0.248368	First_degree	yes
MG0628	MG0628	MG0487	MG0487	control	control	0.0658391	Third_degree	no
MG0628	MG0628	MG0496	MG0496	control	control	0.128337	Second_degree	no
MG0630	MG0630	MG0628	MG0628	control	control	0.250219	First_degree	yes
MG0631	MG0631	MG0487	MG0487	control	control	0.119335	Second_degree	no
MG0631	MG0631	MG0496	MG0496	control	control	0.24065	First_degree	yes
MG0631	MG0631	MG0628	MG0628	control	control	0.24753	First_degree	yes
MG0632	MG0632	MG0629	MG0629	control	control	0.24836	First_degree	yes
MG0633	MG0633	MG0629	MG0629	control	control	0.249676	First_degree	yes
MG0636	MG0636	MG0634	MG0634	case	case	0.250072	First_degree	yes
MG0637	MG0637	MG0634	MG0634	control	case	0.248313	First_degree	yes
MG0638	MG0638	MG0635	MG0635	control	case	0.248983	First_degree	yes
MG0639	MG0639	MG0635	MG0635	case	case	0.248695	First_degree	yes
MG0641	MG0641	MG0640	MG0640	control	control	0.248122	First_degree	yes
MG0642	MG0642	MG0640	MG0640	case	control	0.248944	First_degree	yes
MG0644	MG0644	MG0643	MG0643	control	control	0.247097	First_degree	yes
MG0645	MG0645	MG0643	MG0643	control	control	0.247661	First_degree	yes
MG0649	MG0649	MG0648	MG0648	control	control	0.249119	First_degree	yes
MG0650	MG0650	MG0648	MG0648	control	control	0.246278	First_degree	yes
MG0757	MG0757	MG0755	MG0755	case	control	0.249229	First_degree	yes
MG0757	MG0757	MG0756	MG0756	case	control	0.250487	First_degree	yes
MG0760	MG0760	MG0758	MG0758	case	control	0.248785	First_degree	yes
MG0760	MG0760	MG0759	MG0759	case	case	0.249352	First_degree	yes
MG0761	MG0761	MG0651	MG0651	control	control	0.249041	First_degree	yes
MG0762	MG0762	MG0761	MG0761	control	control	0.247398	First_degree	yes
MG0788	MG0788	MG0777	MG0777	case	control	0.248156	First_degree	yes
MG0824	MG0824	MG0771	MG0771	case	case	0.248306	First_degree	yes
MG0830	MG0830	MG0814	MG0814	case	control	0.24971	First_degree	yes
MG0856	MG0856	MG0798	MG0798	control	case	0.249373	First_degree	yes
MG0860	MG0860	MG0769	MG0769	control	case	0.248232	First_degree	yes
MG0905	MG0905	MG0781	MG0781	control	control	0.248669	First_degree	yes
MG0913	MG0913	MG0779	MG0779	case	control	0.248291	First_degree	yes
MG0936	MG0936	MG0931	MG0931	control	control	0.245575	First_degree	yes
MG0938	MG0938	MG0869	MG0869	case	case	0.249431	First_degree	yes
MG0943	MG0943	MG0844	MG0844	case	case	0.247963	First_degree	yes
MG0963	MG0963	MG0952	MG0952	case	case	0.248996	First_degree	yes
MG0966	MG0966	MG0954	MG0954	control	case	0.250788	First_degree	yes
MG0969	MG0969	MG0865	MG0865	case	case	0.249445	First_degree	yes
MG0973	MG0973	MG0869	MG0869	control	case	0.251412	First_degree	yes
MG0976	MG0976	MG0857	MG0857	case	case	0.0471811	Third_degree	no
MG0977	MG0977	MG0782	MG0782	control	case	0.253591	First_degree	yes
MG0980	MG0980	MG0939	MG0939	case	control	0.249964	First_degree	yes
MG0982	MG0982	MG0799	MG0799	case	case	0.246115	First_degree	yes
MG0983	MG0983	MG0885	MG0885	control	control	0.247962	First_degree	yes
MG0988	MG0988	MG0983	MG0983	case	control	0.248739	First_degree	yes
MG0994	MG0994	MG0830	MG0830	control	case	0.249177	First_degree	yes
MG0999	MG0999	MG0994	MG0994	control	control	0.0584536	Third_degree	no
MG1000	MG1000	MG0924	MG0924	control	case	0.248759	First_degree	yes
MG1002	MG1002	MG0793	MG0793	case	control	0.248116	First_degree	yes
MG1002	MG1002	MG0836	MG0836	case	control	0.249946	First_degree	yes
MG1009	MG1009	MG0934	MG0934	case	control	0.247938	First_degree	yes
MG1011	MG1011	MG0967	MG0967	case	case	0.247016	First_degree	yes
MG1013	MG1013	MG0770	MG0770	case	case	0.249065	First_degree	yes
MG1020	MG1020	MG0987	MG0987	control	control	0.246771	First_degree	yes
MG1022	MG1022	MG0930	MG0930	case	case	0.251042	First_degree	yes
MG1023	MG1023	MG0987	MG0987	control	control	0.249305	First_degree	yes
MG1027	MG1027	MG0949	MG0949	case	control	0.248626	First_degree	yes
MG1030	MG1030	MG0792	MG0792	case	control	0.0691032	Third_degree	no
MG1031	MG1031	MG0934	MG0934	case	control	0.246279	First_degree	yes
MG1034	MG1034	MG0905	MG0905	control	control	0.250012	First_degree	yes
MG1036	MG1036	MG0840	MG0840	control	case	0.249688	First_degree	yes
MG1036	MG1036	MG0849	MG0849	control	case	0.24952	First_degree	yes
MG1042	MG1042	MG0898	MG0898	control	case	0.236447	First_degree	yes
MG1043	MG1043	MG0964	MG0964	control	control	0.249044	First_degree	yes
MG1044	MG1044	MG0847	MG0847	case	control	0.249283	First_degree	yes
MG1045	MG1045	MG1024	MG1024	control	case	0.247807	First_degree	yes
MG1053	MG1053	MG0787	MG0787	control	case	0.249348	First_degree	yes
MG1060	MG1060	MG0945	MG0945	control	case	0.249805	First_degree	yes
MG1068	MG1068	MG0837	MG0837	case	control	0.250111	First_degree	yes
MG1068	MG1068	MG0953	MG0953	case	control	0.250481	First_degree	yes
MG1070	MG1070	MG0775	MG0775	case	control	0.112737	Second_degree	no
MG1071	MG1071	MG0957	MG0957	control	control	0.244015	First_degree	yes
MG1073	MG1073	MG0915	MG0915	case	control	0.247912	First_degree	yes
MG1076	MG1076	MG0815	MG0815	control	control	0.246617	First_degree	yes
MG1076	MG1076	MG0933	MG0933	control	control	0.25061	First_degree	yes
MG1077	MG1077	MG0912	MG0912	control	case	0.250595	First_degree	yes
MG1082	MG1082	MG0864	MG0864	case	case	0.250125	First_degree	yes
MG1083	MG1083	MG0872	MG0872	control	case	0.248942	First_degree	yes
MG1084	MG1084	MG1019	MG1019	control	case	0.238065	First_degree	yes
MG1086	MG1086	MG0883	MG0883	control	case	0.248396	First_degree	yes
MG1092	MG1092	MG0847	MG0847	control	control	0.249705	First_degree	yes
MG1093	MG1093	MG0856	MG0856	control	control	0.24926	First_degree	yes
MG1098	MG1098	MG1056	MG1056	case	control	0.248673	First_degree	yes
MG1099	MG1099	MG1010	MG1010	case	control	0.250282	First_degree	yes
MG1100	MG1100	MG0937	MG0937	control	control	0.248925	First_degree	yes
MG1107	MG1107	MG1027	MG1027	case	case	0.247952	First_degree	yes
MG1110	MG1110	MG0858	MG0858	case	control	0.248274	First_degree	yes
MG1146	MG1146	MG1138	MG1138	control	case	0.250766	First_degree	yes
MG1178	MG1178	MG1148	MG1148	case	case	0.249213	First_degree	yes
MG1260	MG1260	MG1153	MG1153	case	case	0.242163	First_degree	yes
MG1262	MG1262	MG1223	MG1223	case	case	0.248038	First_degree	yes
MG1265	MG1265	MG1153	MG1153	control	case	0.249495	First_degree	yes
MG1275	MG1275	MG1255	MG1255	case	control	0.249887	First_degree	yes
MG1290	MG1290	MG1114	MG1114	case	control	0.247263	First_degree	yes
MG1303	MG1303	MG1244	MG1244	control	case	0.248994	First_degree	yes
MG1307	MG1307	MG1158	MG1158	control	control	0.248618	First_degree	yes
MG1356	MG1356	MG1344	MG1344	case	control	0.249594	First_degree	yes
MG1381	MG1381	MG1158	MG1158	case	control	0.250126	First_degree	yes
MG1382	MG1382	MG1113	MG1113	case	control	0.0636845	Third_degree	no
MG1383	MG1383	MG1143	MG1143	control	control	0.251029	First_degree	yes
MG1391	MG1391	MG1343	MG1343	case	case	0.249208	First_degree	yes
MG1403	MG1403	MG1172	MG1172	control	case	0.24944	First_degree	yes
MG1408	MG1408	MG1296	MG1296	control	control	0.250171	First_degree	yes
MG1408	MG1408	MG1337	MG1337	control	case	0.249848	First_degree	yes
MG1409	MG1409	MG1290	MG1290	control	case	0.248853	First_degree	yes
MG1410	MG1410	MG1239	MG1239	control	control	0.252061	First_degree	yes
MG1410	MG1410	MG1282	MG1282	control	case	0.24761	First_degree	yes
MG1414	MG1414	MG1305	MG1305	control	case	0.251332	First_degree	yes
MG1414	MG1414	MG1312	MG1312	control	control	0.249695	First_degree	yes
MG1416	MG1416	MG1140	MG1140	case	case	0.251039	First_degree	yes
MG1417	MG1417	MG1153	MG1153	control	case	0.121866	Second_degree	no
MG1417	MG1417	MG1265	MG1265	control	control	0.255724	First_degree	yes
MG1423	MG1423	MG1244	MG1244	control	case	0.250073	First_degree	yes
MG1423	MG1423	MG1286	MG1286	control	control	0.0553076	Third_degree	no
MG1440	MG1440	MG1247	MG1247	case	control	0.248263	First_degree	yes
MG1440	MG1440	MG1316	MG1316	case	control	0.248668	First_degree	yes
MG1445	MG1445	MG1403	MG1403	control	control	0.247123	First_degree	yes
MG1449	MG1449	MG1146	MG1146	case	control	0.246643	First_degree	yes
MG1450	MG1450	MG1348	MG1348	case	control	0.250902	First_degree	yes
MG1452	MG1452	MG1222	MG1222	case	control	0.252249	First_degree	yes
MG1454	MG1454	MG1140	MG1140	control	case	0.24549	First_degree	yes
MG1457	MG1457	MG1288	MG1288	case	control	0.24715	First_degree	yes
MG1461	MG1461	MG1348	MG1348	control	control	0.251657	First_degree	yes
