CHROM	POS	ID	A1	A1_FREQ	OBS_CT	OR	OR_L95	OR_U95	P	FIRTH?	ERRCODE
9	133266804	9:133266804:G:T	T	0.385502	607	0.415027290779141	0.3121371264111	0.551833272997506	1.44879e-09	N	.
9	133263862	9:133263862:A:C	C	0.387336	608	0.420263240896494	0.316380587268804	0.558255464323932	2.17696e-09	N	.
9	133273682	9:133273682:A:T	T	0.380131	609	0.428067665043565	0.322460587344187	0.568261465269432	4.35466e-09	N	.
9	133261662	9:133261662:G:A	A	0.360331	605	0.434250379474271	0.326844328849813	0.576951702778968	8.71991e-09	N	.
9	133261703	9:133261703:A:G	G	0.358678	605	0.441072948991908	0.33250754746533	0.585085505022116	1.36172e-08	N	.
9	133267960	9:133267960:T:C	C	0.35832	607	0.443119408549204	0.334311635699891	0.587340640483309	1.49871e-08	N	.
9	133270074	9:133270074:T:A	A	0.357496	607	0.444509878690297	0.335273923227555	0.589336117617344	1.75336e-08	N	.
9	133271249	9:133271249:A:T	T	0.357496	607	0.449515923851223	0.339312353185101	0.595511963826406	2.51562e-08	N	.
9	133270565	9:133270565:G:A	A	0.354785	606	0.44836439297624	0.338004942778842	0.594756476743262	2.62968e-08	N	.
9	133269828	9:133269828:T:C	C	0.355611	606	0.450291557708217	0.339658750632792	0.596959408716958	2.91728e-08	N	.
9	133273813	9:133273813:C:T	T	0.352405	603	0.45526482335178	0.343525243821867	0.603350301350791	4.33863e-08	N	.
9	133274084	9:133274084:C:T	T	0.353279	610	0.459064296137851	0.346827645943341	0.607621769641073	5.24212e-08	N	.
9	133271182	9:133271182:T:C	C	0.270115	609	0.438792343261773	0.319602679886005	0.602431495799196	3.50719e-07	N	.
5	52236344	5:52236344:A:G	G	0.0362438	607	4.85689818201018	2.39176244771316	9.8627938460061	1.22649e-05	N	.
3	148609359	3:148609359:A:C	C	0.100164	609	2.54003535442872	1.67221845327392	3.85821576667589	1.23846e-05	N	.
7	14105038	7:14105038:A:G	G	0.218852	610	0.47467970863448	0.339178242735657	0.664313913451462	1.39256e-05	N	.
9	133278724	9:133278724:C:T	T	0.207578	607	0.465128763953407	0.328756014697412	0.658070901777869	1.53532e-05	N	.
11	11294625	11:11294625:A:C	C	0.297364	607	1.85396576223179	1.40057703561553	2.45412352203612	1.59983e-05	N	.
9	133279294	9:133279294:T:G	G	0.208674	611	0.469918501677425	0.332695893162476	0.663739477273661	1.8168e-05	N	.
9	133278431	9:133278431:T:C	C	0.209091	605	0.472761616292662	0.334308185621613	0.668555409207426	2.26169e-05	N	.
16	19141341	16:19141341:G:A	A	0.0804598	609	2.64820221409866	1.68707577572959	4.15688202488962	2.30107e-05	N	.
14	94807258	14:94807258:A:G	G	0.269737	608	0.529281951240293	0.392553266554773	0.713634066447499	3.00974e-05	N	.
3	148622572	3:148622572:G:A	A	0.102627	609	2.40579401298689	1.59270724795525	3.63396653110868	3.0217e-05	N	.
10	49638836	10:49638836:A:C	C	0.0600329	608	3.06264830248622	1.80683634451195	5.19129175877593	3.221e-05	N	.
10	49634537	10:49634537:T:C	C	0.0914333	607	2.45124975848222	1.59618862797782	3.76435796693488	4.19363e-05	N	.
