ID	CHROM	POS	A1	n_strata	OR	SE	P	I2	P_het	P_re	P_eur	P_afr	P_eas	FREQ_eur	FREQ_afr	FREQ_eas
9:133249045:A:G	9	133249045	G	3	3.71264739775	0.136297859312945	6.32538337275363e-22	0	0.581215599889546	6.32538337275363e-22	6.71939e-09	3.09756e-07	5.78235e-09	0.0855263	0.259516	0.179487
9:133248803:G:A	9	133248803	A	3	3.0090750292881	0.127203620701902	4.70160469929241e-18	20.3977436387916	0.284720922664515	9.71613727075922e-15	1.67549e-06	2.74489e-06	1.13654e-08	0.102796	0.294118	0.181529
9:133256264:G:A	9	133256264	A	3	2.07343035407479	0.12568952449181	6.56724298777765e-09	77.7605396270154	0.0111478125945126	0.00404388615772257	1.18279e-06	0.159121	3.61292e-05	0.092257	0.264808	0.162975
9:133263862:A:C	9	133263862	C	3	1.53295889700463	0.0908606315098704	2.57999425461622e-06	74.6908455004732	0.0192327735802539	0.00902078868547305	0.123753	0.00499303	8.79332e-06	0.384868	0.482639	0.379808
8:54412231:A:G	8	54412231	G	3	0.452420363613283	0.169176789366401	2.7554776392203e-06	0	0.651713591418271	2.7554776392203e-06	0.00234325	0.00480534	0.0177001	0.104269	0.0982759	0.0411392
9:133261662:G:A	9	133261662	A	3	1.5185442976411	0.0896577107722902	3.17114553802067e-06	67.9554343286035	0.044128301883091	0.00440881322560226	0.0912719	0.00586885	2.85875e-05	0.359736	0.470588	0.390476
9:133270565:G:A	9	133270565	A	3	1.52448948585085	0.090576293825008	3.23513294996127e-06	70.0451499874269	0.0354952086199441	0.00618940247105738	0.0690237	0.0201233	9.34298e-06	0.354545	0.5	0.383013
9:133261703:A:G	9	133261703	G	3	1.51432729956179	0.0905915137986937	4.63452380307378e-06	65.5325742580799	0.0549522820876105	0.00410111427795585	0.0722131	0.0147093	2.72252e-05	0.358209	0.463415	0.386581
14:23636648:C:A	14	23636648	A	3	0.594418508587266	0.114749313767951	5.81206014927529e-06	0	0.85909933345774	5.81206014927529e-06	0.00858543	0.00934476	0.00733117	0.169408	0.179443	0.389241
9:133271249:A:T	9	133271249	T	3	1.49659570872517	0.0898320239765434	7.17940504442592e-06	67.4822752064487	0.0461782715335515	0.00604962005399176	0.0867162	0.0201233	2.25609e-05	0.357143	0.5	0.383758
1:30326452:C:T	1	30326452	T	3	1.51505971694337	0.0930837813865344	8.07311666111446e-06	4.76051726730547	0.349943102116637	1.63057885234668e-05	3.45688e-05	0.102676	0.137245	0.32648	0.795139	0.477778
9:133267960:T:C	9	133267960	C	3	1.49284768613491	0.0900956535328887	8.69424575640325e-06	65.2903715041338	0.0560761352797681	0.00535443262135051	0.0768286	0.0282932	2.7259e-05	0.357496	0.5	0.383013
9:133266804:G:T	9	133266804	T	3	1.49200629691462	0.0905226840426364	9.8643101857805e-06	68.086521022737	0.0435662624283618	0.00725505088866285	0.107774	0.0201074	2.43423e-05	0.383031	0.50346	0.382166
9:133270074:T:A	9	133270074	A	3	1.48533720947306	0.0900825032036741	1.12315742265075e-05	63.4137236550244	0.065006675704872	0.00466727011100814	0.0870576	0.0208327	4.89723e-05	0.356672	0.5	0.380573
9:133274084:C:T	9	133274084	T	3	1.48197162940019	0.0895781337368214	1.12623323498927e-05	60.4444117353029	0.0798114902239405	0.00380674327746639	0.0558268	0.0460734	4.36772e-05	0.353279	0.441379	0.384127
9:133269828:T:C	9	133269828	C	3	1.48267226751529	0.0901096325973876	1.23824466736459e-05	66.90135448985	0.0487391987521658	0.00689595964042394	0.107439	0.0207812	3.34759e-05	0.355025	0.5	0.381789
12:83468334:C:T	12	83468334	T	3	1.46765505150364	0.0898599178080237	1.95823652804171e-05	0	0.439514381129204	1.95823652804171e-05	0.000100701	0.0873267	0.176473	0.449264	0.534483	0.377778
9:133273682:A:T	9	133273682	T	3	1.46193594490862	0.0900849394046324	2.49121388072584e-05	68.1451201060492	0.0433158592025308	0.0113218062811397	0.0841755	0.0811057	2.18046e-05	0.377049	0.446367	0.383387
22:48275290:A:G	22	48275290	G	3	1.59632947501027	0.111386758777677	2.68160993282732e-05	71.5873964757012	0.0296123188539436	0.161852198982003	7.85422e-07	0.607304	0.909567	0.257426	0.185764	0.0828025
3:53881596:C:T	3	53881596	T	3	2.03490498219387	0.17106469661928	3.27998510814165e-05	35.3186402337867	0.213090041559938	0.00162292493965326	0.0196241	0.00026155	0.210518	0.0131579	0.182292	0.0894569
9:133240053:C:T	9	133240053	T	3	1.72115177708393	0.131623891260109	3.70182565410755e-05	0	0.817816601017903	3.70182565410755e-05	0.0180081	0.00158241	0.174337	0.110197	0.254325	0.0621019
4:79200740:C:T	4	79200740	T	3	0.62093629289433	0.115758438316411	3.84565885530716e-05	4.44484768308487	0.351159043014106	5.87327439690974e-05	0.00153063	0.124088	0.0100119	0.172414	0.34375	0.120192
9:133273813:C:T	9	133273813	T	3	1.44550582517271	0.0907045159852652	4.86137147473616e-05	67.7286225194241	0.0451068503340821	0.0161422086997606	0.0723214	0.18456	2.57432e-05	0.351575	0.385813	0.384127
9:133262722:T:G	9	133262722	G	3	0.666218094154049	0.100794066621447	5.59227452092377e-05	0	0.737563448130447	5.59227452092377e-05	0.00948327	0.0087715	0.0715748	0.266502	0.307292	0.296825
9:133271182:T:C	9	133271182	C	3	1.53625171021142	0.10771167944404	6.71787997717843e-05	81.9140017719145	0.00396940487162835	0.057975604340497	0.0751331	0.312779	1.83439e-06	0.270936	0.156897	0.194888
